Flight_number,Code,Amount,Restrictions
AA1000,Coach,361,Non-refundable; changes with fee
AA1000,Business,650,Refundable with fee; priority boarding
AA1000,First Class,939,Refundable; lounge access where available
AA1001,Coach,319,Non-refundable; changes with fee
AA1001,Business,574,Refundable with fee; priority boarding
AA1001,First Class,829,Refundable; lounge access where available
AA1002,Coach,283,Non-refundable; changes with fee
AA1002,Business,509,Refundable with fee; priority boarding
AA1002,First Class,736,Refundable; lounge access where available
AA1003,Coach,335,Non-refundable; changes with fee
AA1003,Business,603,Refundable with fee; priority boarding
AA1003,First Class,871,Refundable; lounge access where available
AA1004,Coach,276,Non-refundable; changes with fee
AA1004,Business,497,Refundable with fee; priority boarding
AA1004,First Class,718,Refundable; lounge access where available
AA1005,Coach,320,Non-refundable; changes with fee
AA1005,Business,576,Refundable with fee; priority boarding
AA1005,First Class,832,Refundable; lounge access where available
AA1006,Coach,176,Non-refundable; changes with fee
AA1006,Business,317,Refundable with fee; priority boarding
AA1006,First Class,458,Refundable; lounge access where available
AA1007,Coach,217,Non-refundable; changes with fee
AA1007,Business,391,Refundable with fee; priority boarding
AA1007,First Class,564,Refundable; lounge access where available
AA1008,Coach,214,Non-refundable; changes with fee
AA1008,Business,385,Refundable with fee; priority boarding
AA1008,First Class,556,Refundable; lounge access where available
AA1009,Coach,182,Non-refundable; changes with fee
AA1009,Business,328,Refundable with fee; priority boarding
AA1009,First Class,473,Refundable; lounge access where available
AA1010,Coach,215,Non-refundable; changes with fee
AA1010,Business,387,Refundable with fee; priority boarding
AA1010,First Class,559,Refundable; lounge access where available
AA1011,Coach,209,Non-refundable; changes with fee
AA1011,Business,376,Refundable with fee; priority boarding
AA1011,First Class,543,Refundable; lounge access where available
AA1012,Coach,311,Non-refundable; changes with fee
AA1012,Business,560,Refundable with fee; priority boarding
AA1012,First Class,809,Refundable; lounge access where available
AA1013,Coach,290,Non-refundable; changes with fee
AA1013,Business,522,Refundable with fee; priority boarding
AA1013,First Class,754,Refundable; lounge access where available
AA1014,Coach,386,Non-refundable; changes with fee
AA1014,Business,695,Refundable with fee; priority boarding
AA1014,First Class,1004,Refundable; lounge access where available
AA1015,Coach,212,Non-refundable; changes with fee
AA1015,Business,382,Refundable with fee; priority boarding
AA1015,First Class,551,Refundable; lounge access where available
AA1016,Coach,170,Non-refundable; changes with fee
AA1016,Business,306,Refundable with fee; priority boarding
AA1016,First Class,442,Refundable; lounge access where available
AA1017,Coach,177,Non-refundable; changes with fee
AA1017,Business,319,Refundable with fee; priority boarding
AA1017,First Class,460,Refundable; lounge access where available
AA1018,Coach,206,Non-refundable; changes with fee
AA1018,Business,371,Refundable with fee; priority boarding
AA1018,First Class,536,Refundable; lounge access where available
AA1019,Coach,242,Non-refundable; changes with fee
AA1019,Business,436,Refundable with fee; priority boarding
AA1019,First Class,629,Refundable; lounge access where available
AA1020,Coach,188,Non-refundable; changes with fee
AA1020,Business,338,Refundable with fee; priority boarding
AA1020,First Class,489,Refundable; lounge access where available
AA1021,Coach,413,Non-refundable; changes with fee
AA1021,Business,743,Refundable with fee; priority boarding
AA1021,First Class,1074,Refundable; lounge access where available
AA1022,Coach,370,Non-refundable; changes with fee
AA1022,Business,666,Refundable with fee; priority boarding
AA1022,First Class,962,Refundable; lounge access where available
AA1023,Coach,230,Non-refundable; changes with fee
AA1023,Business,414,Refundable with fee; priority boarding
AA1023,First Class,598,Refundable; lounge access where available
AA1024,Coach,376,Non-refundable; changes with fee
AA1024,Business,677,Refundable with fee; priority boarding
AA1024,First Class,978,Refundable; lounge access where available
AA1025,Coach,211,Non-refundable; changes with fee
AA1025,Business,380,Refundable with fee; priority boarding
AA1025,First Class,549,Refundable; lounge access where available
AA1026,Coach,200,Non-refundable; changes with fee
AA1026,Business,360,Refundable with fee; priority boarding
AA1026,First Class,520,Refundable; lounge access where available
AA1027,Coach,253,Non-refundable; changes with fee
AA1027,Business,455,Refundable with fee; priority boarding
AA1027,First Class,658,Refundable; lounge access where available
AA1028,Coach,159,Non-refundable; changes with fee
AA1028,Business,286,Refundable with fee; priority boarding
AA1028,First Class,413,Refundable; lounge access where available
AA1029,Coach,192,Non-refundable; changes with fee
AA1029,Business,346,Refundable with fee; priority boarding
AA1029,First Class,499,Refundable; lounge access where available
AA1030,Coach,250,Non-refundable; changes with fee
AA1030,Business,450,Refundable with fee; priority boarding
AA1030,First Class,650,Refundable; lounge access where available
AA1031,Coach,394,Non-refundable; changes with fee
AA1031,Business,709,Refundable with fee; priority boarding
AA1031,First Class,1024,Refundable; lounge access where available
AA1032,Coach,336,Non-refundable; changes with fee
AA1032,Business,605,Refundable with fee; priority boarding
AA1032,First Class,874,Refundable; lounge access where available
AA1033,Coach,205,Non-refundable; changes with fee
AA1033,Business,369,Refundable with fee; priority boarding
AA1033,First Class,533,Refundable; lounge access where available
AA1034,Coach,305,Non-refundable; changes with fee
AA1034,Business,549,Refundable with fee; priority boarding
AA1034,First Class,793,Refundable; lounge access where available
AA1035,Coach,347,Non-refundable; changes with fee
AA1035,Business,625,Refundable with fee; priority boarding
AA1035,First Class,902,Refundable; lounge access where available
AA1036,Coach,423,Non-refundable; changes with fee
AA1036,Business,761,Refundable with fee; priority boarding
AA1036,First Class,1100,Refundable; lounge access where available
AA1037,Coach,349,Non-refundable; changes with fee
AA1037,Business,628,Refundable with fee; priority boarding
AA1037,First Class,907,Refundable; lounge access where available
AA1038,Coach,223,Non-refundable; changes with fee
AA1038,Business,401,Refundable with fee; priority boarding
AA1038,First Class,580,Refundable; lounge access where available
AA1039,Coach,177,Non-refundable; changes with fee
AA1039,Business,319,Refundable with fee; priority boarding
AA1039,First Class,460,Refundable; lounge access where available
AA1040,Coach,335,Non-refundable; changes with fee
AA1040,Business,603,Refundable with fee; priority boarding
AA1040,First Class,871,Refundable; lounge access where available
AA1041,Coach,351,Non-refundable; changes with fee
AA1041,Business,632,Refundable with fee; priority boarding
AA1041,First Class,913,Refundable; lounge access where available
AA1042,Coach,296,Non-refundable; changes with fee
AA1042,Business,533,Refundable with fee; priority boarding
AA1042,First Class,770,Refundable; lounge access where available
AA1043,Coach,325,Non-refundable; changes with fee
AA1043,Business,585,Refundable with fee; priority boarding
AA1043,First Class,845,Refundable; lounge access where available
AA1044,Coach,264,Non-refundable; changes with fee
AA1044,Business,475,Refundable with fee; priority boarding
AA1044,First Class,686,Refundable; lounge access where available
AA1045,Coach,162,Non-refundable; changes with fee
AA1045,Business,292,Refundable with fee; priority boarding
AA1045,First Class,421,Refundable; lounge access where available
AA1046,Coach,419,Non-refundable; changes with fee
AA1046,Business,754,Refundable with fee; priority boarding
AA1046,First Class,1089,Refundable; lounge access where available
AA1047,Coach,137,Non-refundable; changes with fee
AA1047,Business,247,Refundable with fee; priority boarding
AA1047,First Class,356,Refundable; lounge access where available
AA1048,Coach,386,Non-refundable; changes with fee
AA1048,Business,695,Refundable with fee; priority boarding
AA1048,First Class,1004,Refundable; lounge access where available
AA1049,Coach,122,Non-refundable; changes with fee
AA1049,Business,220,Refundable with fee; priority boarding
AA1049,First Class,317,Refundable; lounge access where available
AA1050,Coach,227,Non-refundable; changes with fee
AA1050,Business,409,Refundable with fee; priority boarding
AA1050,First Class,590,Refundable; lounge access where available
AA1051,Coach,356,Non-refundable; changes with fee
AA1051,Business,641,Refundable with fee; priority boarding
AA1051,First Class,926,Refundable; lounge access where available
AA1052,Coach,224,Non-refundable; changes with fee
AA1052,Business,403,Refundable with fee; priority boarding
AA1052,First Class,582,Refundable; lounge access where available
AA1053,Coach,351,Non-refundable; changes with fee
AA1053,Business,632,Refundable with fee; priority boarding
AA1053,First Class,913,Refundable; lounge access where available
AA1054,Coach,281,Non-refundable; changes with fee
AA1054,Business,506,Refundable with fee; priority boarding
AA1054,First Class,731,Refundable; lounge access where available
AA1055,Coach,210,Non-refundable; changes with fee
AA1055,Business,378,Refundable with fee; priority boarding
AA1055,First Class,546,Refundable; lounge access where available
AA1056,Coach,153,Non-refundable; changes with fee
AA1056,Business,275,Refundable with fee; priority boarding
AA1056,First Class,398,Refundable; lounge access where available
AA1057,Coach,371,Non-refundable; changes with fee
AA1057,Business,668,Refundable with fee; priority boarding
AA1057,First Class,965,Refundable; lounge access where available
AA1058,Coach,256,Non-refundable; changes with fee
AA1058,Business,461,Refundable with fee; priority boarding
AA1058,First Class,666,Refundable; lounge access where available
AA1059,Coach,374,Non-refundable; changes with fee
AA1059,Business,673,Refundable with fee; priority boarding
AA1059,First Class,972,Refundable; lounge access where available
AA1060,Coach,163,Non-refundable; changes with fee
AA1060,Business,293,Refundable with fee; priority boarding
AA1060,First Class,424,Refundable; lounge access where available
AA1061,Coach,469,Non-refundable; changes with fee
AA1061,Business,844,Refundable with fee; priority boarding
AA1061,First Class,1219,Refundable; lounge access where available
AA1062,Coach,454,Non-refundable; changes with fee
AA1062,Business,817,Refundable with fee; priority boarding
AA1062,First Class,1180,Refundable; lounge access where available
AA1063,Coach,331,Non-refundable; changes with fee
AA1063,Business,596,Refundable with fee; priority boarding
AA1063,First Class,861,Refundable; lounge access where available
AA1064,Coach,238,Non-refundable; changes with fee
AA1064,Business,428,Refundable with fee; priority boarding
AA1064,First Class,619,Refundable; lounge access where available
AA1065,Coach,322,Non-refundable; changes with fee
AA1065,Business,580,Refundable with fee; priority boarding
AA1065,First Class,837,Refundable; lounge access where available
AA1066,Coach,409,Non-refundable; changes with fee
AA1066,Business,736,Refundable with fee; priority boarding
AA1066,First Class,1063,Refundable; lounge access where available
AA1067,Coach,321,Non-refundable; changes with fee
AA1067,Business,578,Refundable with fee; priority boarding
AA1067,First Class,835,Refundable; lounge access where available
AA1068,Coach,298,Non-refundable; changes with fee
AA1068,Business,536,Refundable with fee; priority boarding
AA1068,First Class,775,Refundable; lounge access where available
AA1069,Coach,420,Non-refundable; changes with fee
AA1069,Business,756,Refundable with fee; priority boarding
AA1069,First Class,1092,Refundable; lounge access where available
AA1070,Coach,206,Non-refundable; changes with fee
AA1070,Business,371,Refundable with fee; priority boarding
AA1070,First Class,536,Refundable; lounge access where available
AA1071,Coach,319,Non-refundable; changes with fee
AA1071,Business,574,Refundable with fee; priority boarding
AA1071,First Class,829,Refundable; lounge access where available
AA1072,Coach,447,Non-refundable; changes with fee
AA1072,Business,805,Refundable with fee; priority boarding
AA1072,First Class,1162,Refundable; lounge access where available
AA1073,Coach,286,Non-refundable; changes with fee
AA1073,Business,515,Refundable with fee; priority boarding
AA1073,First Class,744,Refundable; lounge access where available
AA1074,Coach,125,Non-refundable; changes with fee
AA1074,Business,225,Refundable with fee; priority boarding
AA1074,First Class,325,Refundable; lounge access where available
AA1075,Coach,499,Non-refundable; changes with fee
AA1075,Business,898,Refundable with fee; priority boarding
AA1075,First Class,1297,Refundable; lounge access where available
AA1076,Coach,192,Non-refundable; changes with fee
AA1076,Business,346,Refundable with fee; priority boarding
AA1076,First Class,499,Refundable; lounge access where available
AA1077,Coach,544,Non-refundable; changes with fee
AA1077,Business,979,Refundable with fee; priority boarding
AA1077,First Class,1414,Refundable; lounge access where available
AA1078,Coach,349,Non-refundable; changes with fee
AA1078,Business,628,Refundable with fee; priority boarding
AA1078,First Class,907,Refundable; lounge access where available
AA1079,Coach,265,Non-refundable; changes with fee
AA1079,Business,477,Refundable with fee; priority boarding
AA1079,First Class,689,Refundable; lounge access where available
AA1080,Coach,240,Non-refundable; changes with fee
AA1080,Business,432,Refundable with fee; priority boarding
AA1080,First Class,624,Refundable; lounge access where available
AA1081,Coach,352,Non-refundable; changes with fee
AA1081,Business,634,Refundable with fee; priority boarding
AA1081,First Class,915,Refundable; lounge access where available
AA1082,Coach,371,Non-refundable; changes with fee
AA1082,Business,668,Refundable with fee; priority boarding
AA1082,First Class,965,Refundable; lounge access where available
AA1083,Coach,191,Non-refundable; changes with fee
AA1083,Business,344,Refundable with fee; priority boarding
AA1083,First Class,497,Refundable; lounge access where available
AA1084,Coach,253,Non-refundable; changes with fee
AA1084,Business,455,Refundable with fee; priority boarding
AA1084,First Class,658,Refundable; lounge access where available
AA1085,Coach,211,Non-refundable; changes with fee
AA1085,Business,380,Refundable with fee; priority boarding
AA1085,First Class,549,Refundable; lounge access where available
AA1086,Coach,175,Non-refundable; changes with fee
AA1086,Business,315,Refundable with fee; priority boarding
AA1086,First Class,455,Refundable; lounge access where available
AA1087,Coach,445,Non-refundable; changes with fee
AA1087,Business,801,Refundable with fee; priority boarding
AA1087,First Class,1157,Refundable; lounge access where available
AA1088,Coach,177,Non-refundable; changes with fee
AA1088,Business,319,Refundable with fee; priority boarding
AA1088,First Class,460,Refundable; lounge access where available
AA1089,Coach,496,Non-refundable; changes with fee
AA1089,Business,893,Refundable with fee; priority boarding
AA1089,First Class,1290,Refundable; lounge access where available
AA1090,Coach,414,Non-refundable; changes with fee
AA1090,Business,745,Refundable with fee; priority boarding
AA1090,First Class,1076,Refundable; lounge access where available
AA1091,Coach,167,Non-refundable; changes with fee
AA1091,Business,301,Refundable with fee; priority boarding
AA1091,First Class,434,Refundable; lounge access where available
AA1092,Coach,229,Non-refundable; changes with fee
AA1092,Business,412,Refundable with fee; priority boarding
AA1092,First Class,595,Refundable; lounge access where available
AA1093,Coach,225,Non-refundable; changes with fee
AA1093,Business,405,Refundable with fee; priority boarding
AA1093,First Class,585,Refundable; lounge access where available
AA1094,Coach,251,Non-refundable; changes with fee
AA1094,Business,452,Refundable with fee; priority boarding
AA1094,First Class,653,Refundable; lounge access where available
AA1095,Coach,297,Non-refundable; changes with fee
AA1095,Business,535,Refundable with fee; priority boarding
AA1095,First Class,772,Refundable; lounge access where available
AA1096,Coach,344,Non-refundable; changes with fee
AA1096,Business,619,Refundable with fee; priority boarding
AA1096,First Class,894,Refundable; lounge access where available
AA1097,Coach,213,Non-refundable; changes with fee
AA1097,Business,383,Refundable with fee; priority boarding
AA1097,First Class,554,Refundable; lounge access where available
AA1098,Coach,248,Non-refundable; changes with fee
AA1098,Business,446,Refundable with fee; priority boarding
AA1098,First Class,645,Refundable; lounge access where available
AA1099,Coach,425,Non-refundable; changes with fee
AA1099,Business,765,Refundable with fee; priority boarding
AA1099,First Class,1105,Refundable; lounge access where available
UA2000,Coach,217,Non-refundable; changes with fee
UA2000,Business,391,Refundable with fee; priority boarding
UA2000,First Class,564,Refundable; lounge access where available
UA2001,Coach,375,Non-refundable; changes with fee
UA2001,Business,675,Refundable with fee; priority boarding
UA2001,First Class,975,Refundable; lounge access where available
UA2002,Coach,120,Non-refundable; changes with fee
UA2002,Business,216,Refundable with fee; priority boarding
UA2002,First Class,312,Refundable; lounge access where available
UA2003,Coach,271,Non-refundable; changes with fee
UA2003,Business,488,Refundable with fee; priority boarding
UA2003,First Class,705,Refundable; lounge access where available
UA2004,Coach,175,Non-refundable; changes with fee
UA2004,Business,315,Refundable with fee; priority boarding
UA2004,First Class,455,Refundable; lounge access where available
UA2005,Coach,474,Non-refundable; changes with fee
UA2005,Business,853,Refundable with fee; priority boarding
UA2005,First Class,1232,Refundable; lounge access where available
UA2006,Coach,320,Non-refundable; changes with fee
UA2006,Business,576,Refundable with fee; priority boarding
UA2006,First Class,832,Refundable; lounge access where available
UA2007,Coach,500,Non-refundable; changes with fee
UA2007,Business,900,Refundable with fee; priority boarding
UA2007,First Class,1300,Refundable; lounge access where available
UA2008,Coach,220,Non-refundable; changes with fee
UA2008,Business,396,Refundable with fee; priority boarding
UA2008,First Class,572,Refundable; lounge access where available
UA2009,Coach,371,Non-refundable; changes with fee
UA2009,Business,668,Refundable with fee; priority boarding
UA2009,First Class,965,Refundable; lounge access where available
UA2010,Coach,487,Non-refundable; changes with fee
UA2010,Business,877,Refundable with fee; priority boarding
UA2010,First Class,1266,Refundable; lounge access where available
UA2011,Coach,150,Non-refundable; changes with fee
UA2011,Business,270,Refundable with fee; priority boarding
UA2011,First Class,390,Refundable; lounge access where available
UA2012,Coach,280,Non-refundable; changes with fee
UA2012,Business,504,Refundable with fee; priority boarding
UA2012,First Class,728,Refundable; lounge access where available
UA2013,Coach,322,Non-refundable; changes with fee
UA2013,Business,580,Refundable with fee; priority boarding
UA2013,First Class,837,Refundable; lounge access where available
UA2014,Coach,300,Non-refundable; changes with fee
UA2014,Business,540,Refundable with fee; priority boarding
UA2014,First Class,780,Refundable; lounge access where available
UA2015,Coach,128,Non-refundable; changes with fee
UA2015,Business,230,Refundable with fee; priority boarding
UA2015,First Class,333,Refundable; lounge access where available
UA2016,Coach,209,Non-refundable; changes with fee
UA2016,Business,376,Refundable with fee; priority boarding
UA2016,First Class,543,Refundable; lounge access where available
UA2017,Coach,193,Non-refundable; changes with fee
UA2017,Business,347,Refundable with fee; priority boarding
UA2017,First Class,502,Refundable; lounge access where available
UA2018,Coach,396,Non-refundable; changes with fee
UA2018,Business,713,Refundable with fee; priority boarding
UA2018,First Class,1030,Refundable; lounge access where available
UA2019,Coach,211,Non-refundable; changes with fee
UA2019,Business,380,Refundable with fee; priority boarding
UA2019,First Class,549,Refundable; lounge access where available
UA2020,Coach,188,Non-refundable; changes with fee
UA2020,Business,338,Refundable with fee; priority boarding
UA2020,First Class,489,Refundable; lounge access where available
UA2021,Coach,373,Non-refundable; changes with fee
UA2021,Business,671,Refundable with fee; priority boarding
UA2021,First Class,970,Refundable; lounge access where available
UA2022,Coach,341,Non-refundable; changes with fee
UA2022,Business,614,Refundable with fee; priority boarding
UA2022,First Class,887,Refundable; lounge access where available
UA2023,Coach,226,Non-refundable; changes with fee
UA2023,Business,407,Refundable with fee; priority boarding
UA2023,First Class,588,Refundable; lounge access where available
UA2024,Coach,231,Non-refundable; changes with fee
UA2024,Business,416,Refundable with fee; priority boarding
UA2024,First Class,601,Refundable; lounge access where available
UA2025,Coach,143,Non-refundable; changes with fee
UA2025,Business,257,Refundable with fee; priority boarding
UA2025,First Class,372,Refundable; lounge access where available
UA2026,Coach,170,Non-refundable; changes with fee
UA2026,Business,306,Refundable with fee; priority boarding
UA2026,First Class,442,Refundable; lounge access where available
UA2027,Coach,238,Non-refundable; changes with fee
UA2027,Business,428,Refundable with fee; priority boarding
UA2027,First Class,619,Refundable; lounge access where available
UA2028,Coach,259,Non-refundable; changes with fee
UA2028,Business,466,Refundable with fee; priority boarding
UA2028,First Class,673,Refundable; lounge access where available
UA2029,Coach,271,Non-refundable; changes with fee
UA2029,Business,488,Refundable with fee; priority boarding
UA2029,First Class,705,Refundable; lounge access where available
UA2030,Coach,194,Non-refundable; changes with fee
UA2030,Business,349,Refundable with fee; priority boarding
UA2030,First Class,504,Refundable; lounge access where available
UA2031,Coach,161,Non-refundable; changes with fee
UA2031,Business,290,Refundable with fee; priority boarding
UA2031,First Class,419,Refundable; lounge access where available
UA2032,Coach,546,Non-refundable; changes with fee
UA2032,Business,983,Refundable with fee; priority boarding
UA2032,First Class,1420,Refundable; lounge access where available
UA2033,Coach,257,Non-refundable; changes with fee
UA2033,Business,463,Refundable with fee; priority boarding
UA2033,First Class,668,Refundable; lounge access where available
UA2034,Coach,199,Non-refundable; changes with fee
UA2034,Business,358,Refundable with fee; priority boarding
UA2034,First Class,517,Refundable; lounge access where available
UA2035,Coach,179,Non-refundable; changes with fee
UA2035,Business,322,Refundable with fee; priority boarding
UA2035,First Class,465,Refundable; lounge access where available
UA2036,Coach,153,Non-refundable; changes with fee
UA2036,Business,275,Refundable with fee; priority boarding
UA2036,First Class,398,Refundable; lounge access where available
UA2037,Coach,182,Non-refundable; changes with fee
UA2037,Business,328,Refundable with fee; priority boarding
UA2037,First Class,473,Refundable; lounge access where available
UA2038,Coach,159,Non-refundable; changes with fee
UA2038,Business,286,Refundable with fee; priority boarding
UA2038,First Class,413,Refundable; lounge access where available
UA2039,Coach,352,Non-refundable; changes with fee
UA2039,Business,634,Refundable with fee; priority boarding
UA2039,First Class,915,Refundable; lounge access where available
UA2040,Coach,280,Non-refundable; changes with fee
UA2040,Business,504,Refundable with fee; priority boarding
UA2040,First Class,728,Refundable; lounge access where available
UA2041,Coach,474,Non-refundable; changes with fee
UA2041,Business,853,Refundable with fee; priority boarding
UA2041,First Class,1232,Refundable; lounge access where available
UA2042,Coach,163,Non-refundable; changes with fee
UA2042,Business,293,Refundable with fee; priority boarding
UA2042,First Class,424,Refundable; lounge access where available
UA2043,Coach,222,Non-refundable; changes with fee
UA2043,Business,400,Refundable with fee; priority boarding
UA2043,First Class,577,Refundable; lounge access where available
UA2044,Coach,165,Non-refundable; changes with fee
UA2044,Business,297,Refundable with fee; priority boarding
UA2044,First Class,429,Refundable; lounge access where available
UA2045,Coach,124,Non-refundable; changes with fee
UA2045,Business,223,Refundable with fee; priority boarding
UA2045,First Class,322,Refundable; lounge access where available
UA2046,Coach,185,Non-refundable; changes with fee
UA2046,Business,333,Refundable with fee; priority boarding
UA2046,First Class,481,Refundable; lounge access where available
UA2047,Coach,252,Non-refundable; changes with fee
UA2047,Business,454,Refundable with fee; priority boarding
UA2047,First Class,655,Refundable; lounge access where available
UA2048,Coach,306,Non-refundable; changes with fee
UA2048,Business,551,Refundable with fee; priority boarding
UA2048,First Class,796,Refundable; lounge access where available
UA2049,Coach,162,Non-refundable; changes with fee
UA2049,Business,292,Refundable with fee; priority boarding
UA2049,First Class,421,Refundable; lounge access where available
UA2050,Coach,320,Non-refundable; changes with fee
UA2050,Business,576,Refundable with fee; priority boarding
UA2050,First Class,832,Refundable; lounge access where available
UA2051,Coach,376,Non-refundable; changes with fee
UA2051,Business,677,Refundable with fee; priority boarding
UA2051,First Class,978,Refundable; lounge access where available
UA2052,Coach,195,Non-refundable; changes with fee
UA2052,Business,351,Refundable with fee; priority boarding
UA2052,First Class,507,Refundable; lounge access where available
UA2053,Coach,306,Non-refundable; changes with fee
UA2053,Business,551,Refundable with fee; priority boarding
UA2053,First Class,796,Refundable; lounge access where available
UA2054,Coach,222,Non-refundable; changes with fee
UA2054,Business,400,Refundable with fee; priority boarding
UA2054,First Class,577,Refundable; lounge access where available
UA2055,Coach,197,Non-refundable; changes with fee
UA2055,Business,355,Refundable with fee; priority boarding
UA2055,First Class,512,Refundable; lounge access where available
UA2056,Coach,161,Non-refundable; changes with fee
UA2056,Business,290,Refundable with fee; priority boarding
UA2056,First Class,419,Refundable; lounge access where available
UA2057,Coach,222,Non-refundable; changes with fee
UA2057,Business,400,Refundable with fee; priority boarding
UA2057,First Class,577,Refundable; lounge access where available
UA2058,Coach,194,Non-refundable; changes with fee
UA2058,Business,349,Refundable with fee; priority boarding
UA2058,First Class,504,Refundable; lounge access where available
UA2059,Coach,296,Non-refundable; changes with fee
UA2059,Business,533,Refundable with fee; priority boarding
UA2059,First Class,770,Refundable; lounge access where available
UA2060,Coach,177,Non-refundable; changes with fee
UA2060,Business,319,Refundable with fee; priority boarding
UA2060,First Class,460,Refundable; lounge access where available
UA2061,Coach,330,Non-refundable; changes with fee
UA2061,Business,594,Refundable with fee; priority boarding
UA2061,First Class,858,Refundable; lounge access where available
UA2062,Coach,203,Non-refundable; changes with fee
UA2062,Business,365,Refundable with fee; priority boarding
UA2062,First Class,528,Refundable; lounge access where available
UA2063,Coach,171,Non-refundable; changes with fee
UA2063,Business,308,Refundable with fee; priority boarding
UA2063,First Class,445,Refundable; lounge access where available
UA2064,Coach,258,Non-refundable; changes with fee
UA2064,Business,464,Refundable with fee; priority boarding
UA2064,First Class,671,Refundable; lounge access where available
UA2065,Coach,154,Non-refundable; changes with fee
UA2065,Business,277,Refundable with fee; priority boarding
UA2065,First Class,400,Refundable; lounge access where available
UA2066,Coach,273,Non-refundable; changes with fee
UA2066,Business,491,Refundable with fee; priority boarding
UA2066,First Class,710,Refundable; lounge access where available
UA2067,Coach,213,Non-refundable; changes with fee
UA2067,Business,383,Refundable with fee; priority boarding
UA2067,First Class,554,Refundable; lounge access where available
UA2068,Coach,527,Non-refundable; changes with fee
UA2068,Business,949,Refundable with fee; priority boarding
UA2068,First Class,1370,Refundable; lounge access where available
UA2069,Coach,323,Non-refundable; changes with fee
UA2069,Business,581,Refundable with fee; priority boarding
UA2069,First Class,840,Refundable; lounge access where available
UA2070,Coach,184,Non-refundable; changes with fee
UA2070,Business,331,Refundable with fee; priority boarding
UA2070,First Class,478,Refundable; lounge access where available
UA2071,Coach,442,Non-refundable; changes with fee
UA2071,Business,796,Refundable with fee; priority boarding
UA2071,First Class,1149,Refundable; lounge access where available
UA2072,Coach,369,Non-refundable; changes with fee
UA2072,Business,664,Refundable with fee; priority boarding
UA2072,First Class,959,Refundable; lounge access where available
UA2073,Coach,236,Non-refundable; changes with fee
UA2073,Business,425,Refundable with fee; priority boarding
UA2073,First Class,614,Refundable; lounge access where available
UA2074,Coach,288,Non-refundable; changes with fee
UA2074,Business,518,Refundable with fee; priority boarding
UA2074,First Class,749,Refundable; lounge access where available
UA2075,Coach,165,Non-refundable; changes with fee
UA2075,Business,297,Refundable with fee; priority boarding
UA2075,First Class,429,Refundable; lounge access where available
UA2076,Coach,203,Non-refundable; changes with fee
UA2076,Business,365,Refundable with fee; priority boarding
UA2076,First Class,528,Refundable; lounge access where available
UA2077,Coach,160,Non-refundable; changes with fee
UA2077,Business,288,Refundable with fee; priority boarding
UA2077,First Class,416,Refundable; lounge access where available
UA2078,Coach,196,Non-refundable; changes with fee
UA2078,Business,353,Refundable with fee; priority boarding
UA2078,First Class,510,Refundable; lounge access where available
UA2079,Coach,379,Non-refundable; changes with fee
UA2079,Business,682,Refundable with fee; priority boarding
UA2079,First Class,985,Refundable; lounge access where available
UA2080,Coach,508,Non-refundable; changes with fee
UA2080,Business,914,Refundable with fee; priority boarding
UA2080,First Class,1321,Refundable; lounge access where available
UA2081,Coach,175,Non-refundable; changes with fee
UA2081,Business,315,Refundable with fee; priority boarding
UA2081,First Class,455,Refundable; lounge access where available
UA2082,Coach,214,Non-refundable; changes with fee
UA2082,Business,385,Refundable with fee; priority boarding
UA2082,First Class,556,Refundable; lounge access where available
UA2083,Coach,490,Non-refundable; changes with fee
UA2083,Business,882,Refundable with fee; priority boarding
UA2083,First Class,1274,Refundable; lounge access where available
UA2084,Coach,256,Non-refundable; changes with fee
UA2084,Business,461,Refundable with fee; priority boarding
UA2084,First Class,666,Refundable; lounge access where available
UA2085,Coach,213,Non-refundable; changes with fee
UA2085,Business,383,Refundable with fee; priority boarding
UA2085,First Class,554,Refundable; lounge access where available
UA2086,Coach,581,Non-refundable; changes with fee
UA2086,Business,1046,Refundable with fee; priority boarding
UA2086,First Class,1511,Refundable; lounge access where available
UA2087,Coach,180,Non-refundable; changes with fee
UA2087,Business,324,Refundable with fee; priority boarding
UA2087,First Class,468,Refundable; lounge access where available
UA2088,Coach,305,Non-refundable; changes with fee
UA2088,Business,549,Refundable with fee; priority boarding
UA2088,First Class,793,Refundable; lounge access where available
UA2089,Coach,348,Non-refundable; changes with fee
UA2089,Business,626,Refundable with fee; priority boarding
UA2089,First Class,905,Refundable; lounge access where available
UA2090,Coach,475,Non-refundable; changes with fee
UA2090,Business,855,Refundable with fee; priority boarding
UA2090,First Class,1235,Refundable; lounge access where available
UA2091,Coach,256,Non-refundable; changes with fee
UA2091,Business,461,Refundable with fee; priority boarding
UA2091,First Class,666,Refundable; lounge access where available
UA2092,Coach,177,Non-refundable; changes with fee
UA2092,Business,319,Refundable with fee; priority boarding
UA2092,First Class,460,Refundable; lounge access where available
UA2093,Coach,182,Non-refundable; changes with fee
UA2093,Business,328,Refundable with fee; priority boarding
UA2093,First Class,473,Refundable; lounge access where available
UA2094,Coach,318,Non-refundable; changes with fee
UA2094,Business,572,Refundable with fee; priority boarding
UA2094,First Class,827,Refundable; lounge access where available
UA2095,Coach,153,Non-refundable; changes with fee
UA2095,Business,275,Refundable with fee; priority boarding
UA2095,First Class,398,Refundable; lounge access where available
UA2096,Coach,252,Non-refundable; changes with fee
UA2096,Business,454,Refundable with fee; priority boarding
UA2096,First Class,655,Refundable; lounge access where available
UA2097,Coach,135,Non-refundable; changes with fee
UA2097,Business,243,Refundable with fee; priority boarding
UA2097,First Class,351,Refundable; lounge access where available
UA2098,Coach,249,Non-refundable; changes with fee
UA2098,Business,448,Refundable with fee; priority boarding
UA2098,First Class,647,Refundable; lounge access where available
UA2099,Coach,171,Non-refundable; changes with fee
UA2099,Business,308,Refundable with fee; priority boarding
UA2099,First Class,445,Refundable; lounge access where available
DL3000,Coach,539,Non-refundable; changes with fee
DL3000,Business,970,Refundable with fee; priority boarding
DL3000,First Class,1401,Refundable; lounge access where available
DL3001,Coach,217,Non-refundable; changes with fee
DL3001,Business,391,Refundable with fee; priority boarding
DL3001,First Class,564,Refundable; lounge access where available
DL3002,Coach,167,Non-refundable; changes with fee
DL3002,Business,301,Refundable with fee; priority boarding
DL3002,First Class,434,Refundable; lounge access where available
DL3003,Coach,190,Non-refundable; changes with fee
DL3003,Business,342,Refundable with fee; priority boarding
DL3003,First Class,494,Refundable; lounge access where available
DL3004,Coach,319,Non-refundable; changes with fee
DL3004,Business,574,Refundable with fee; priority boarding
DL3004,First Class,829,Refundable; lounge access where available
DL3005,Coach,274,Non-refundable; changes with fee
DL3005,Business,493,Refundable with fee; priority boarding
DL3005,First Class,712,Refundable; lounge access where available
DL3006,Coach,403,Non-refundable; changes with fee
DL3006,Business,725,Refundable with fee; priority boarding
DL3006,First Class,1048,Refundable; lounge access where available
DL3007,Coach,309,Non-refundable; changes with fee
DL3007,Business,556,Refundable with fee; priority boarding
DL3007,First Class,803,Refundable; lounge access where available
DL3008,Coach,309,Non-refundable; changes with fee
DL3008,Business,556,Refundable with fee; priority boarding
DL3008,First Class,803,Refundable; lounge access where available
DL3009,Coach,312,Non-refundable; changes with fee
DL3009,Business,562,Refundable with fee; priority boarding
DL3009,First Class,811,Refundable; lounge access where available
DL3010,Coach,161,Non-refundable; changes with fee
DL3010,Business,290,Refundable with fee; priority boarding
DL3010,First Class,419,Refundable; lounge access where available
DL3011,Coach,276,Non-refundable; changes with fee
DL3011,Business,497,Refundable with fee; priority boarding
DL3011,First Class,718,Refundable; lounge access where available
DL3012,Coach,331,Non-refundable; changes with fee
DL3012,Business,596,Refundable with fee; priority boarding
DL3012,First Class,861,Refundable; lounge access where available
DL3013,Coach,369,Non-refundable; changes with fee
DL3013,Business,664,Refundable with fee; priority boarding
DL3013,First Class,959,Refundable; lounge access where available
DL3014,Coach,136,Non-refundable; changes with fee
DL3014,Business,245,Refundable with fee; priority boarding
DL3014,First Class,354,Refundable; lounge access where available
DL3015,Coach,447,Non-refundable; changes with fee
DL3015,Business,805,Refundable with fee; priority boarding
DL3015,First Class,1162,Refundable; lounge access where available
DL3016,Coach,159,Non-refundable; changes with fee
DL3016,Business,286,Refundable with fee; priority boarding
DL3016,First Class,413,Refundable; lounge access where available
DL3017,Coach,141,Non-refundable; changes with fee
DL3017,Business,254,Refundable with fee; priority boarding
DL3017,First Class,367,Refundable; lounge access where available
DL3018,Coach,175,Non-refundable; changes with fee
DL3018,Business,315,Refundable with fee; priority boarding
DL3018,First Class,455,Refundable; lounge access where available
DL3019,Coach,240,Non-refundable; changes with fee
DL3019,Business,432,Refundable with fee; priority boarding
DL3019,First Class,624,Refundable; lounge access where available
DL3020,Coach,350,Non-refundable; changes with fee
DL3020,Business,630,Refundable with fee; priority boarding
DL3020,First Class,910,Refundable; lounge access where available
DL3021,Coach,160,Non-refundable; changes with fee
DL3021,Business,288,Refundable with fee; priority boarding
DL3021,First Class,416,Refundable; lounge access where available
DL3022,Coach,276,Non-refundable; changes with fee
DL3022,Business,497,Refundable with fee; priority boarding
DL3022,First Class,718,Refundable; lounge access where available
DL3023,Coach,199,Non-refundable; changes with fee
DL3023,Business,358,Refundable with fee; priority boarding
DL3023,First Class,517,Refundable; lounge access where available
DL3024,Coach,373,Non-refundable; changes with fee
DL3024,Business,671,Refundable with fee; priority boarding
DL3024,First Class,970,Refundable; lounge access where available
DL3025,Coach,142,Non-refundable; changes with fee
DL3025,Business,256,Refundable with fee; priority boarding
DL3025,First Class,369,Refundable; lounge access where available
DL3026,Coach,192,Non-refundable; changes with fee
DL3026,Business,346,Refundable with fee; priority boarding
DL3026,First Class,499,Refundable; lounge access where available
DL3027,Coach,301,Non-refundable; changes with fee
DL3027,Business,542,Refundable with fee; priority boarding
DL3027,First Class,783,Refundable; lounge access where available
DL3028,Coach,338,Non-refundable; changes with fee
DL3028,Business,608,Refundable with fee; priority boarding
DL3028,First Class,879,Refundable; lounge access where available
DL3029,Coach,252,Non-refundable; changes with fee
DL3029,Business,454,Refundable with fee; priority boarding
DL3029,First Class,655,Refundable; lounge access where available
DL3030,Coach,189,Non-refundable; changes with fee
DL3030,Business,340,Refundable with fee; priority boarding
DL3030,First Class,491,Refundable; lounge access where available
DL3031,Coach,206,Non-refundable; changes with fee
DL3031,Business,371,Refundable with fee; priority boarding
DL3031,First Class,536,Refundable; lounge access where available
DL3032,Coach,176,Non-refundable; changes with fee
DL3032,Business,317,Refundable with fee; priority boarding
DL3032,First Class,458,Refundable; lounge access where available
DL3033,Coach,224,Non-refundable; changes with fee
DL3033,Business,403,Refundable with fee; priority boarding
DL3033,First Class,582,Refundable; lounge access where available
DL3034,Coach,577,Non-refundable; changes with fee
DL3034,Business,1039,Refundable with fee; priority boarding
DL3034,First Class,1500,Refundable; lounge access where available
DL3035,Coach,138,Non-refundable; changes with fee
DL3035,Business,248,Refundable with fee; priority boarding
DL3035,First Class,359,Refundable; lounge access where available
DL3036,Coach,556,Non-refundable; changes with fee
DL3036,Business,1001,Refundable with fee; priority boarding
DL3036,First Class,1446,Refundable; lounge access where available
DL3037,Coach,167,Non-refundable; changes with fee
DL3037,Business,301,Refundable with fee; priority boarding
DL3037,First Class,434,Refundable; lounge access where available
DL3038,Coach,148,Non-refundable; changes with fee
DL3038,Business,266,Refundable with fee; priority boarding
DL3038,First Class,385,Refundable; lounge access where available
DL3039,Coach,180,Non-refundable; changes with fee
DL3039,Business,324,Refundable with fee; priority boarding
DL3039,First Class,468,Refundable; lounge access where available
DL3040,Coach,512,Non-refundable; changes with fee
DL3040,Business,922,Refundable with fee; priority boarding
DL3040,First Class,1331,Refundable; lounge access where available
DL3041,Coach,401,Non-refundable; changes with fee
DL3041,Business,722,Refundable with fee; priority boarding
DL3041,First Class,1043,Refundable; lounge access where available
DL3042,Coach,277,Non-refundable; changes with fee
DL3042,Business,499,Refundable with fee; priority boarding
DL3042,First Class,720,Refundable; lounge access where available
DL3043,Coach,152,Non-refundable; changes with fee
DL3043,Business,274,Refundable with fee; priority boarding
DL3043,First Class,395,Refundable; lounge access where available
DL3044,Coach,364,Non-refundable; changes with fee
DL3044,Business,655,Refundable with fee; priority boarding
DL3044,First Class,946,Refundable; lounge access where available
DL3045,Coach,336,Non-refundable; changes with fee
DL3045,Business,605,Refundable with fee; priority boarding
DL3045,First Class,874,Refundable; lounge access where available
DL3046,Coach,181,Non-refundable; changes with fee
DL3046,Business,326,Refundable with fee; priority boarding
DL3046,First Class,471,Refundable; lounge access where available
DL3047,Coach,268,Non-refundable; changes with fee
DL3047,Business,482,Refundable with fee; priority boarding
DL3047,First Class,697,Refundable; lounge access where available
DL3048,Coach,168,Non-refundable; changes with fee
DL3048,Business,302,Refundable with fee; priority boarding
DL3048,First Class,437,Refundable; lounge access where available
DL3049,Coach,183,Non-refundable; changes with fee
DL3049,Business,329,Refundable with fee; priority boarding
DL3049,First Class,476,Refundable; lounge access where available
DL3050,Coach,269,Non-refundable; changes with fee
DL3050,Business,484,Refundable with fee; priority boarding
DL3050,First Class,699,Refundable; lounge access where available
DL3051,Coach,282,Non-refundable; changes with fee
DL3051,Business,508,Refundable with fee; priority boarding
DL3051,First Class,733,Refundable; lounge access where available
DL3052,Coach,205,Non-refundable; changes with fee
DL3052,Business,369,Refundable with fee; priority boarding
DL3052,First Class,533,Refundable; lounge access where available
DL3053,Coach,392,Non-refundable; changes with fee
DL3053,Business,706,Refundable with fee; priority boarding
DL3053,First Class,1019,Refundable; lounge access where available
DL3054,Coach,464,Non-refundable; changes with fee
DL3054,Business,835,Refundable with fee; priority boarding
DL3054,First Class,1206,Refundable; lounge access where available
DL3055,Coach,321,Non-refundable; changes with fee
DL3055,Business,578,Refundable with fee; priority boarding
DL3055,First Class,835,Refundable; lounge access where available
DL3056,Coach,177,Non-refundable; changes with fee
DL3056,Business,319,Refundable with fee; priority boarding
DL3056,First Class,460,Refundable; lounge access where available
DL3057,Coach,113,Non-refundable; changes with fee
DL3057,Business,203,Refundable with fee; priority boarding
DL3057,First Class,294,Refundable; lounge access where available
DL3058,Coach,359,Non-refundable; changes with fee
DL3058,Business,646,Refundable with fee; priority boarding
DL3058,First Class,933,Refundable; lounge access where available
DL3059,Coach,179,Non-refundable; changes with fee
DL3059,Business,322,Refundable with fee; priority boarding
DL3059,First Class,465,Refundable; lounge access where available
DL3060,Coach,183,Non-refundable; changes with fee
DL3060,Business,329,Refundable with fee; priority boarding
DL3060,First Class,476,Refundable; lounge access where available
DL3061,Coach,238,Non-refundable; changes with fee
DL3061,Business,428,Refundable with fee; priority boarding
DL3061,First Class,619,Refundable; lounge access where available
DL3062,Coach,441,Non-refundable; changes with fee
DL3062,Business,794,Refundable with fee; priority boarding
DL3062,First Class,1147,Refundable; lounge access where available
DL3063,Coach,179,Non-refundable; changes with fee
DL3063,Business,322,Refundable with fee; priority boarding
DL3063,First Class,465,Refundable; lounge access where available
DL3064,Coach,306,Non-refundable; changes with fee
DL3064,Business,551,Refundable with fee; priority boarding
DL3064,First Class,796,Refundable; lounge access where available
DL3065,Coach,245,Non-refundable; changes with fee
DL3065,Business,441,Refundable with fee; priority boarding
DL3065,First Class,637,Refundable; lounge access where available
DL3066,Coach,170,Non-refundable; changes with fee
DL3066,Business,306,Refundable with fee; priority boarding
DL3066,First Class,442,Refundable; lounge access where available
DL3067,Coach,327,Non-refundable; changes with fee
DL3067,Business,589,Refundable with fee; priority boarding
DL3067,First Class,850,Refundable; lounge access where available
DL3068,Coach,399,Non-refundable; changes with fee
DL3068,Business,718,Refundable with fee; priority boarding
DL3068,First Class,1037,Refundable; lounge access where available
DL3069,Coach,232,Non-refundable; changes with fee
DL3069,Business,418,Refundable with fee; priority boarding
DL3069,First Class,603,Refundable; lounge access where available
DL3070,Coach,165,Non-refundable; changes with fee
DL3070,Business,297,Refundable with fee; priority boarding
DL3070,First Class,429,Refundable; lounge access where available
DL3071,Coach,647,Non-refundable; changes with fee
DL3071,Business,1165,Refundable with fee; priority boarding
DL3071,First Class,1682,Refundable; lounge access where available
DL3072,Coach,316,Non-refundable; changes with fee
DL3072,Business,569,Refundable with fee; priority boarding
DL3072,First Class,822,Refundable; lounge access where available
DL3073,Coach,246,Non-refundable; changes with fee
DL3073,Business,443,Refundable with fee; priority boarding
DL3073,First Class,640,Refundable; lounge access where available
DL3074,Coach,198,Non-refundable; changes with fee
DL3074,Business,356,Refundable with fee; priority boarding
DL3074,First Class,515,Refundable; lounge access where available
DL3075,Coach,166,Non-refundable; changes with fee
DL3075,Business,299,Refundable with fee; priority boarding
DL3075,First Class,432,Refundable; lounge access where available
DL3076,Coach,236,Non-refundable; changes with fee
DL3076,Business,425,Refundable with fee; priority boarding
DL3076,First Class,614,Refundable; lounge access where available
DL3077,Coach,317,Non-refundable; changes with fee
DL3077,Business,571,Refundable with fee; priority boarding
DL3077,First Class,824,Refundable; lounge access where available
DL3078,Coach,505,Non-refundable; changes with fee
DL3078,Business,909,Refundable with fee; priority boarding
DL3078,First Class,1313,Refundable; lounge access where available
DL3079,Coach,190,Non-refundable; changes with fee
DL3079,Business,342,Refundable with fee; priority boarding
DL3079,First Class,494,Refundable; lounge access where available
DL3080,Coach,304,Non-refundable; changes with fee
DL3080,Business,547,Refundable with fee; priority boarding
DL3080,First Class,790,Refundable; lounge access where available
DL3081,Coach,217,Non-refundable; changes with fee
DL3081,Business,391,Refundable with fee; priority boarding
DL3081,First Class,564,Refundable; lounge access where available
DL3082,Coach,497,Non-refundable; changes with fee
DL3082,Business,895,Refundable with fee; priority boarding
DL3082,First Class,1292,Refundable; lounge access where available
DL3083,Coach,186,Non-refundable; changes with fee
DL3083,Business,335,Refundable with fee; priority boarding
DL3083,First Class,484,Refundable; lounge access where available
DL3084,Coach,171,Non-refundable; changes with fee
DL3084,Business,308,Refundable with fee; priority boarding
DL3084,First Class,445,Refundable; lounge access where available
DL3085,Coach,180,Non-refundable; changes with fee
DL3085,Business,324,Refundable with fee; priority boarding
DL3085,First Class,468,Refundable; lounge access where available
DL3086,Coach,162,Non-refundable; changes with fee
DL3086,Business,292,Refundable with fee; priority boarding
DL3086,First Class,421,Refundable; lounge access where available
DL3087,Coach,254,Non-refundable; changes with fee
DL3087,Business,457,Refundable with fee; priority boarding
DL3087,First Class,660,Refundable; lounge access where available
DL3088,Coach,305,Non-refundable; changes with fee
DL3088,Business,549,Refundable with fee; priority boarding
DL3088,First Class,793,Refundable; lounge access where available
DL3089,Coach,139,Non-refundable; changes with fee
DL3089,Business,250,Refundable with fee; priority boarding
DL3089,First Class,361,Refundable; lounge access where available
DL3090,Coach,209,Non-refundable; changes with fee
DL3090,Business,376,Refundable with fee; priority boarding
DL3090,First Class,543,Refundable; lounge access where available
DL3091,Coach,316,Non-refundable; changes with fee
DL3091,Business,569,Refundable with fee; priority boarding
DL3091,First Class,822,Refundable; lounge access where available
DL3092,Coach,514,Non-refundable; changes with fee
DL3092,Business,925,Refundable with fee; priority boarding
DL3092,First Class,1336,Refundable; lounge access where available
DL3093,Coach,201,Non-refundable; changes with fee
DL3093,Business,362,Refundable with fee; priority boarding
DL3093,First Class,523,Refundable; lounge access where available
DL3094,Coach,190,Non-refundable; changes with fee
DL3094,Business,342,Refundable with fee; priority boarding
DL3094,First Class,494,Refundable; lounge access where available
DL3095,Coach,98,Non-refundable; changes with fee
DL3095,Business,176,Refundable with fee; priority boarding
DL3095,First Class,255,Refundable; lounge access where available
DL3096,Coach,175,Non-refundable; changes with fee
DL3096,Business,315,Refundable with fee; priority boarding
DL3096,First Class,455,Refundable; lounge access where available
DL3097,Coach,268,Non-refundable; changes with fee
DL3097,Business,482,Refundable with fee; priority boarding
DL3097,First Class,697,Refundable; lounge access where available
DL3098,Coach,224,Non-refundable; changes with fee
DL3098,Business,403,Refundable with fee; priority boarding
DL3098,First Class,582,Refundable; lounge access where available
DL3099,Coach,358,Non-refundable; changes with fee
DL3099,Business,644,Refundable with fee; priority boarding
DL3099,First Class,931,Refundable; lounge access where available
WN4000,Coach,218,Non-refundable; changes with fee
WN4000,Business,392,Refundable with fee; priority boarding
WN4000,First Class,567,Refundable; lounge access where available
WN4001,Coach,141,Non-refundable; changes with fee
WN4001,Business,254,Refundable with fee; priority boarding
WN4001,First Class,367,Refundable; lounge access where available
WN4002,Coach,256,Non-refundable; changes with fee
WN4002,Business,461,Refundable with fee; priority boarding
WN4002,First Class,666,Refundable; lounge access where available
WN4003,Coach,248,Non-refundable; changes with fee
WN4003,Business,446,Refundable with fee; priority boarding
WN4003,First Class,645,Refundable; lounge access where available
WN4004,Coach,275,Non-refundable; changes with fee
WN4004,Business,495,Refundable with fee; priority boarding
WN4004,First Class,715,Refundable; lounge access where available
WN4005,Coach,273,Non-refundable; changes with fee
WN4005,Business,491,Refundable with fee; priority boarding
WN4005,First Class,710,Refundable; lounge access where available
WN4006,Coach,346,Non-refundable; changes with fee
WN4006,Business,623,Refundable with fee; priority boarding
WN4006,First Class,900,Refundable; lounge access where available
WN4007,Coach,303,Non-refundable; changes with fee
WN4007,Business,545,Refundable with fee; priority boarding
WN4007,First Class,788,Refundable; lounge access where available
WN4008,Coach,235,Non-refundable; changes with fee
WN4008,Business,423,Refundable with fee; priority boarding
WN4008,First Class,611,Refundable; lounge access where available
WN4009,Coach,172,Non-refundable; changes with fee
WN4009,Business,310,Refundable with fee; priority boarding
WN4009,First Class,447,Refundable; lounge access where available
WN4010,Coach,167,Non-refundable; changes with fee
WN4010,Business,301,Refundable with fee; priority boarding
WN4010,First Class,434,Refundable; lounge access where available
WN4011,Coach,210,Non-refundable; changes with fee
WN4011,Business,378,Refundable with fee; priority boarding
WN4011,First Class,546,Refundable; lounge access where available
WN4012,Coach,203,Non-refundable; changes with fee
WN4012,Business,365,Refundable with fee; priority boarding
WN4012,First Class,528,Refundable; lounge access where available
WN4013,Coach,503,Non-refundable; changes with fee
WN4013,Business,905,Refundable with fee; priority boarding
WN4013,First Class,1308,Refundable; lounge access where available
WN4014,Coach,508,Non-refundable; changes with fee
WN4014,Business,914,Refundable with fee; priority boarding
WN4014,First Class,1321,Refundable; lounge access where available
WN4015,Coach,212,Non-refundable; changes with fee
WN4015,Business,382,Refundable with fee; priority boarding
WN4015,First Class,551,Refundable; lounge access where available
WN4016,Coach,191,Non-refundable; changes with fee
WN4016,Business,344,Refundable with fee; priority boarding
WN4016,First Class,497,Refundable; lounge access where available
WN4017,Coach,128,Non-refundable; changes with fee
WN4017,Business,230,Refundable with fee; priority boarding
WN4017,First Class,333,Refundable; lounge access where available
WN4018,Coach,257,Non-refundable; changes with fee
WN4018,Business,463,Refundable with fee; priority boarding
WN4018,First Class,668,Refundable; lounge access where available
WN4019,Coach,216,Non-refundable; changes with fee
WN4019,Business,389,Refundable with fee; priority boarding
WN4019,First Class,562,Refundable; lounge access where available
WN4020,Coach,341,Non-refundable; changes with fee
WN4020,Business,614,Refundable with fee; priority boarding
WN4020,First Class,887,Refundable; lounge access where available
WN4021,Coach,353,Non-refundable; changes with fee
WN4021,Business,635,Refundable with fee; priority boarding
WN4021,First Class,918,Refundable; lounge access where available
WN4022,Coach,273,Non-refundable; changes with fee
WN4022,Business,491,Refundable with fee; priority boarding
WN4022,First Class,710,Refundable; lounge access where available
WN4023,Coach,272,Non-refundable; changes with fee
WN4023,Business,490,Refundable with fee; priority boarding
WN4023,First Class,707,Refundable; lounge access where available
WN4024,Coach,305,Non-refundable; changes with fee
WN4024,Business,549,Refundable with fee; priority boarding
WN4024,First Class,793,Refundable; lounge access where available
WN4025,Coach,448,Non-refundable; changes with fee
WN4025,Business,806,Refundable with fee; priority boarding
WN4025,First Class,1165,Refundable; lounge access where available
WN4026,Coach,217,Non-refundable; changes with fee
WN4026,Business,391,Refundable with fee; priority boarding
WN4026,First Class,564,Refundable; lounge access where available
WN4027,Coach,219,Non-refundable; changes with fee
WN4027,Business,394,Refundable with fee; priority boarding
WN4027,First Class,569,Refundable; lounge access where available
WN4028,Coach,407,Non-refundable; changes with fee
WN4028,Business,733,Refundable with fee; priority boarding
WN4028,First Class,1058,Refundable; lounge access where available
WN4029,Coach,642,Non-refundable; changes with fee
WN4029,Business,1156,Refundable with fee; priority boarding
WN4029,First Class,1669,Refundable; lounge access where available
WN4030,Coach,331,Non-refundable; changes with fee
WN4030,Business,596,Refundable with fee; priority boarding
WN4030,First Class,861,Refundable; lounge access where available
WN4031,Coach,235,Non-refundable; changes with fee
WN4031,Business,423,Refundable with fee; priority boarding
WN4031,First Class,611,Refundable; lounge access where available
WN4032,Coach,177,Non-refundable; changes with fee
WN4032,Business,319,Refundable with fee; priority boarding
WN4032,First Class,460,Refundable; lounge access where available
WN4033,Coach,556,Non-refundable; changes with fee
WN4033,Business,1001,Refundable with fee; priority boarding
WN4033,First Class,1446,Refundable; lounge access where available
WN4034,Coach,341,Non-refundable; changes with fee
WN4034,Business,614,Refundable with fee; priority boarding
WN4034,First Class,887,Refundable; lounge access where available
WN4035,Coach,423,Non-refundable; changes with fee
WN4035,Business,761,Refundable with fee; priority boarding
WN4035,First Class,1100,Refundable; lounge access where available
WN4036,Coach,186,Non-refundable; changes with fee
WN4036,Business,335,Refundable with fee; priority boarding
WN4036,First Class,484,Refundable; lounge access where available
WN4037,Coach,180,Non-refundable; changes with fee
WN4037,Business,324,Refundable with fee; priority boarding
WN4037,First Class,468,Refundable; lounge access where available
WN4038,Coach,317,Non-refundable; changes with fee
WN4038,Business,571,Refundable with fee; priority boarding
WN4038,First Class,824,Refundable; lounge access where available
WN4039,Coach,243,Non-refundable; changes with fee
WN4039,Business,437,Refundable with fee; priority boarding
WN4039,First Class,632,Refundable; lounge access where available
WN4040,Coach,184,Non-refundable; changes with fee
WN4040,Business,331,Refundable with fee; priority boarding
WN4040,First Class,478,Refundable; lounge access where available
WN4041,Coach,309,Non-refundable; changes with fee
WN4041,Business,556,Refundable with fee; priority boarding
WN4041,First Class,803,Refundable; lounge access where available
WN4042,Coach,201,Non-refundable; changes with fee
WN4042,Business,362,Refundable with fee; priority boarding
WN4042,First Class,523,Refundable; lounge access where available
WN4043,Coach,207,Non-refundable; changes with fee
WN4043,Business,373,Refundable with fee; priority boarding
WN4043,First Class,538,Refundable; lounge access where available
WN4044,Coach,289,Non-refundable; changes with fee
WN4044,Business,520,Refundable with fee; priority boarding
WN4044,First Class,751,Refundable; lounge access where available
WN4045,Coach,258,Non-refundable; changes with fee
WN4045,Business,464,Refundable with fee; priority boarding
WN4045,First Class,671,Refundable; lounge access where available
WN4046,Coach,215,Non-refundable; changes with fee
WN4046,Business,387,Refundable with fee; priority boarding
WN4046,First Class,559,Refundable; lounge access where available
WN4047,Coach,351,Non-refundable; changes with fee
WN4047,Business,632,Refundable with fee; priority boarding
WN4047,First Class,913,Refundable; lounge access where available
WN4048,Coach,193,Non-refundable; changes with fee
WN4048,Business,347,Refundable with fee; priority boarding
WN4048,First Class,502,Refundable; lounge access where available
WN4049,Coach,102,Non-refundable; changes with fee
WN4049,Business,184,Refundable with fee; priority boarding
WN4049,First Class,265,Refundable; lounge access where available
WN4050,Coach,237,Non-refundable; changes with fee
WN4050,Business,427,Refundable with fee; priority boarding
WN4050,First Class,616,Refundable; lounge access where available
WN4051,Coach,150,Non-refundable; changes with fee
WN4051,Business,270,Refundable with fee; priority boarding
WN4051,First Class,390,Refundable; lounge access where available
WN4052,Coach,556,Non-refundable; changes with fee
WN4052,Business,1001,Refundable with fee; priority boarding
WN4052,First Class,1446,Refundable; lounge access where available
WN4053,Coach,343,Non-refundable; changes with fee
WN4053,Business,617,Refundable with fee; priority boarding
WN4053,First Class,892,Refundable; lounge access where available
WN4054,Coach,225,Non-refundable; changes with fee
WN4054,Business,405,Refundable with fee; priority boarding
WN4054,First Class,585,Refundable; lounge access where available
WN4055,Coach,181,Non-refundable; changes with fee
WN4055,Business,326,Refundable with fee; priority boarding
WN4055,First Class,471,Refundable; lounge access where available
WN4056,Coach,507,Non-refundable; changes with fee
WN4056,Business,913,Refundable with fee; priority boarding
WN4056,First Class,1318,Refundable; lounge access where available
WN4057,Coach,277,Non-refundable; changes with fee
WN4057,Business,499,Refundable with fee; priority boarding
WN4057,First Class,720,Refundable; lounge access where available
WN4058,Coach,213,Non-refundable; changes with fee
WN4058,Business,383,Refundable with fee; priority boarding
WN4058,First Class,554,Refundable; lounge access where available
WN4059,Coach,217,Non-refundable; changes with fee
WN4059,Business,391,Refundable with fee; priority boarding
WN4059,First Class,564,Refundable; lounge access where available
WN4060,Coach,227,Non-refundable; changes with fee
WN4060,Business,409,Refundable with fee; priority boarding
WN4060,First Class,590,Refundable; lounge access where available
WN4061,Coach,432,Non-refundable; changes with fee
WN4061,Business,778,Refundable with fee; priority boarding
WN4061,First Class,1123,Refundable; lounge access where available
WN4062,Coach,198,Non-refundable; changes with fee
WN4062,Business,356,Refundable with fee; priority boarding
WN4062,First Class,515,Refundable; lounge access where available
WN4063,Coach,195,Non-refundable; changes with fee
WN4063,Business,351,Refundable with fee; priority boarding
WN4063,First Class,507,Refundable; lounge access where available
WN4064,Coach,137,Non-refundable; changes with fee
WN4064,Business,247,Refundable with fee; priority boarding
WN4064,First Class,356,Refundable; lounge access where available
WN4065,Coach,356,Non-refundable; changes with fee
WN4065,Business,641,Refundable with fee; priority boarding
WN4065,First Class,926,Refundable; lounge access where available
WN4066,Coach,183,Non-refundable; changes with fee
WN4066,Business,329,Refundable with fee; priority boarding
WN4066,First Class,476,Refundable; lounge access where available
WN4067,Coach,244,Non-refundable; changes with fee
WN4067,Business,439,Refundable with fee; priority boarding
WN4067,First Class,634,Refundable; lounge access where available
WN4068,Coach,332,Non-refundable; changes with fee
WN4068,Business,598,Refundable with fee; priority boarding
WN4068,First Class,863,Refundable; lounge access where available
WN4069,Coach,282,Non-refundable; changes with fee
WN4069,Business,508,Refundable with fee; priority boarding
WN4069,First Class,733,Refundable; lounge access where available
WN4070,Coach,246,Non-refundable; changes with fee
WN4070,Business,443,Refundable with fee; priority boarding
WN4070,First Class,640,Refundable; lounge access where available
WN4071,Coach,203,Non-refundable; changes with fee
WN4071,Business,365,Refundable with fee; priority boarding
WN4071,First Class,528,Refundable; lounge access where available
WN4072,Coach,188,Non-refundable; changes with fee
WN4072,Business,338,Refundable with fee; priority boarding
WN4072,First Class,489,Refundable; lounge access where available
WN4073,Coach,144,Non-refundable; changes with fee
WN4073,Business,259,Refundable with fee; priority boarding
WN4073,First Class,374,Refundable; lounge access where available
WN4074,Coach,260,Non-refundable; changes with fee
WN4074,Business,468,Refundable with fee; priority boarding
WN4074,First Class,676,Refundable; lounge access where available
WN4075,Coach,305,Non-refundable; changes with fee
WN4075,Business,549,Refundable with fee; priority boarding
WN4075,First Class,793,Refundable; lounge access where available
WN4076,Coach,370,Non-refundable; changes with fee
WN4076,Business,666,Refundable with fee; priority boarding
WN4076,First Class,962,Refundable; lounge access where available
WN4077,Coach,254,Non-refundable; changes with fee
WN4077,Business,457,Refundable with fee; priority boarding
WN4077,First Class,660,Refundable; lounge access where available
WN4078,Coach,271,Non-refundable; changes with fee
WN4078,Business,488,Refundable with fee; priority boarding
WN4078,First Class,705,Refundable; lounge access where available
WN4079,Coach,382,Non-refundable; changes with fee
WN4079,Business,688,Refundable with fee; priority boarding
WN4079,First Class,993,Refundable; lounge access where available
WN4080,Coach,177,Non-refundable; changes with fee
WN4080,Business,319,Refundable with fee; priority boarding
WN4080,First Class,460,Refundable; lounge access where available
WN4081,Coach,117,Non-refundable; changes with fee
WN4081,Business,211,Refundable with fee; priority boarding
WN4081,First Class,304,Refundable; lounge access where available
WN4082,Coach,168,Non-refundable; changes with fee
WN4082,Business,302,Refundable with fee; priority boarding
WN4082,First Class,437,Refundable; lounge access where available
WN4083,Coach,189,Non-refundable; changes with fee
WN4083,Business,340,Refundable with fee; priority boarding
WN4083,First Class,491,Refundable; lounge access where available
WN4084,Coach,163,Non-refundable; changes with fee
WN4084,Business,293,Refundable with fee; priority boarding
WN4084,First Class,424,Refundable; lounge access where available
WN4085,Coach,208,Non-refundable; changes with fee
WN4085,Business,374,Refundable with fee; priority boarding
WN4085,First Class,541,Refundable; lounge access where available
WN4086,Coach,417,Non-refundable; changes with fee
WN4086,Business,751,Refundable with fee; priority boarding
WN4086,First Class,1084,Refundable; lounge access where available
WN4087,Coach,225,Non-refundable; changes with fee
WN4087,Business,405,Refundable with fee; priority boarding
WN4087,First Class,585,Refundable; lounge access where available
WN4088,Coach,650,Non-refundable; changes with fee
WN4088,Business,1170,Refundable with fee; priority boarding
WN4088,First Class,1690,Refundable; lounge access where available
WN4089,Coach,468,Non-refundable; changes with fee
WN4089,Business,842,Refundable with fee; priority boarding
WN4089,First Class,1217,Refundable; lounge access where available
WN4090,Coach,172,Non-refundable; changes with fee
WN4090,Business,310,Refundable with fee; priority boarding
WN4090,First Class,447,Refundable; lounge access where available
WN4091,Coach,324,Non-refundable; changes with fee
WN4091,Business,583,Refundable with fee; priority boarding
WN4091,First Class,842,Refundable; lounge access where available
WN4092,Coach,185,Non-refundable; changes with fee
WN4092,Business,333,Refundable with fee; priority boarding
WN4092,First Class,481,Refundable; lounge access where available
WN4093,Coach,356,Non-refundable; changes with fee
WN4093,Business,641,Refundable with fee; priority boarding
WN4093,First Class,926,Refundable; lounge access where available
WN4094,Coach,352,Non-refundable; changes with fee
WN4094,Business,634,Refundable with fee; priority boarding
WN4094,First Class,915,Refundable; lounge access where available
WN4095,Coach,501,Non-refundable; changes with fee
WN4095,Business,902,Refundable with fee; priority boarding
WN4095,First Class,1303,Refundable; lounge access where available
WN4096,Coach,252,Non-refundable; changes with fee
WN4096,Business,454,Refundable with fee; priority boarding
WN4096,First Class,655,Refundable; lounge access where available
WN4097,Coach,171,Non-refundable; changes with fee
WN4097,Business,308,Refundable with fee; priority boarding
WN4097,First Class,445,Refundable; lounge access where available
WN4098,Coach,162,Non-refundable; changes with fee
WN4098,Business,292,Refundable with fee; priority boarding
WN4098,First Class,421,Refundable; lounge access where available
WN4099,Coach,323,Non-refundable; changes with fee
WN4099,Business,581,Refundable with fee; priority boarding
WN4099,First Class,840,Refundable; lounge access where available
